ID,TextualName,Category
06_bbarrel.nif,06_bbarrel,
06_bbarrelstack.nif,06_bbarrelstack,
1struinedtemple.nif,Ruins - 1struinedtemple,City
2ndruinedpiece.nif,2ndruinedpiece,
3lvlswithruin.nif,3lvlswithruin,Structure
3rdruinedpiece.nif,3rdruinedpiece,
3tower_alb.nif,3tower_alb.nif,City
3tower_hib.nif,3tower_hib,City
3tower_mid.nif,3tower_mid,City
4thruinedpiece.nif,4thruinedpiece,
5-outpost_tower.nif,5-outpost_tower,City
abovewater_cave.nif,abovewater_cave,Portal
abovewater_rock1.nif,abovewater_rock1,Stone
abovewater_rock2.nif,abovewater_rock2,Stone
abovewater_rock3.nif,abovewater_rock3,Stone
abovewater_rock4.nif,abovewater_rock4,Stone
abovewater_rock5.nif,abovewater_rock5,Stone
aecentbarricade.nif,AECentBarricade,Structure
aecentforge.nif,AECentForge,City
aecentround.nif,AECentRound,City
aecenttower.nif,AECentTower,City
aecrashbig.nif,AEcrashBig,
aecrashtemple.nif,AEcrashTemple,City
aegcliffpiece1.nif,aegcliffpiece1.NIF,
aegcliffpiece2.nif,aegcliffpiece2.NIF,
aegcliffpiece3.nif,aegcliffpiece3.NIF,
aegcliffpiece4.nif,aegcliffpiece4.NIF,
aegcliffpiece5.nif,aegcliffpiece5.NIF,
aegcliffpiece6.nif,aegcliffpiece6.NIF,
aegcliffpiece7.nif,aegcliffpiece7.NIF,
aegcliffpiece8.nif,aegcliffpiece8.NIF,
aegcliffwalls.nif,Cliff Walls,Structure
aegorgonheap.nif,AEGorgonHeap,City
aegorgonpile.nif,AEGorgonPile,City
aegorgonrubble.nif,AEGorgonRubble,
aeislandcrashbig.nif,AEislandCrashBig,City
aeislandcrashskinny.nif,AEislandCrashSkinny,City
aeislandcrashsmall.nif,AEislandCrashSmall,City
aepier.nif,Frontier Dock,Structure
aeris_oak.nif,tree - aeris_oak.nif,Tree
aeruinwallhall.nif,AEruinWallHall,City
aeruinwallhallold.nif,AEruinWallHallold,City
aerus_atlherostatue.nif,Aerus_AtlHeroStatue,City
aerus_block_structure.nif,aerus_block_structure,City
aerus_courtyard.nif,Aerus_AtlHeroStatue,City
aerus_entportal.nif,Aerus_EntPortal,Portal
aerus_fallen_tree1.nif,aerus_fallen_tree1 flat on ground,Tree
aerus_fallen_tree2.nif,aerus_fallen_tree2 broken,Tree
aerus_fallen_tree3.nif,aerus_fallen_tree3 leaning,Tree
aerus_fallen_tree4.nif,aerus_fallen_tree4,Tree
aerus_fallen_tree5.nif,aerus_fallen_tree5,Tree
aerus_pedistal.nif,aerus_pedistal,
aerus_portent.nif,Aerus_PortEnt,Portal
aerus_rock_01.nif,Aerus_rock_01,Stone
aerus_rock_02.nif,Aerus_rock_02,Stone
aerus_rock_03.nif,Aerus_rock_03,Stone
aerus_rock_04.nif,Aerus_rock_04,Stone
aerus_rock_05.nif,Aerus_rock_05,Stone
aerus_rock_06.nif,Aerus_rock_06,Stone
aerus_rock_07.nif,Aerus_rock_07,Stone
aerus_rock_08.nif,Aerus_rock_08,Stone
aerus_rock_09.nif,Aerus_rock_09,Stone
aerus_rock_10.nif,Aerus_rock_10,Stone
aerus_ruin_piece_01.nif,Aerus_ruin_piece_01,Structure
aerus_ruin_piece_02.nif,Aerus_ruin_piece_02 corner,Structure
aerus_ruin_piece_03.nif,Aerus_ruin_piece_03,Structure
aerus_ruin_piece_04.nif,Aerus_ruin_piece_04,Structure
aerus_ruin_piece_05.nif,Aerus_ruin_piece_05 long/flat,Structure
aerus_ruin_piece_06.nif,Aerus_ruin_piece_06 T,Structure
aerus_ruin_piece_07.nif,Aerus_ruin_piece_07 circ,Structure
aerus_ruin_piece_08.nif,Aerus_ruin_piece_08 columns,Structure
aerus_ruin_piece_09.nif,Aerus_ruin_piece_09,
aerus_ruin_piece_10.nif,Aerus_ruin_piece_10,
aerus_talostemple.nif,Aerus_TalosTemple,City
agramonkeep01.nif,agramonKeep01,City
agramon_fire_vfx01.nif,agramon_fire_VFX01,
agramon_keepcollision1.nif,agramon_keepCollision1,
agramon_keepcollision2.nif,agramon_keepCollision2,
agramon_keepcollision3.nif,agramon_keepCollision3,
agramon_keepcollision4.nif,agramon_keepCollision4,
airship_wrecked_01.nif,airship_wrecked_01,
albmilegate_f.nif,Albion Mile Gate,
albmilegate_new_f.nif,albmilegate_new_f,City
alb_cheiftan.nif,Orc Dig Tent,City
alb_dig_site.nif,Dig Site,City
alb_relictemple_f.nif,Alb Relic Temple,City
alb_tent_01.nif,Orc Tent 1,Camp
alb_tent_02.nif,Orc Tent 2,Camp
alder.nif,Tree - Alder,Tree
alt_ruins_ocean_01.nif,Alt_ruins_ocean_01.nif,
alt_ruins_ocean_02.nif,Alt_ruins_ocean_02.nif,
alt_ruins_ocean_03.nif,Alt_ruins_ocean_03,
alt_ruins_ocean_04.nif,Alt_ruins_ocean_04.nif,
ammut1.nif,ammut1,
ammut3.nif,ammut3,
appletree.nif,Apple Tree,Tree
aquaruinedall.nif,Aqueduct - ruined,Structure
aquasingle.nif,Aquasingle,
aquasingle6.nif,Aqueduct - single,Structure
aquatriple.nif,Aqua-Triple,Structure
aquatripleruined.nif,aquatripleruined,Structure
aqua_leaning.nif,Aqua_leaning,Structure
arach-ent.nif,arach-ent,Portal
armory_minotaur_01.nif,armory_minotaur_01,City
ash.nif,Tree Ash,Tree
avbridge.nif,Avalon Bridge,Structure
avgate.nif,Avalon Facade Temp.,
avpier.nif,Avalon Pier,
av_outsidee.nif,Outer wall East,Structure
av_outsiden.nif,Outer wall North,Structure
av_outsides.nif,Outer wall South,Structure
av_outsidew.nif,Outer wall West,City
a_housesign_1.nif,A_housesign_1,
a_housesign_10.nif,A_housesign_10,
a_housesign_2.nif,A_housesign_2,
a_housesign_3.nif,A_housesign_3,
a_housesign_4.nif,A_housesign_4,
a_housesign_5.nif,A_housesign_5,
a_housesign_6.nif,A_housesign_6,
a_housesign_7.nif,A_housesign_7,
a_housesign_8.nif,A_housesign_8,
a_housesign_9.nif,A_housesign_9,
a_phmarketplace.nif,A_PHMarketplace,City
a_phousebridge.nif,A_PHouseBridge,Structure
a_phousegatein.nif,A_PhouseGatein,City
a_ropebrdge_f.nif,Alb Rope Bridge,Structure
a_ruins01_collision_fix.nif,A_ruins01_COLLISION_FIX,
a_ruins01_f.nif,Alb Ruins 1,
a_ruins02_f.nif,Alb Ruins 2,
a_ruins03_f.nif,Alb Ruins 3,
a_ruins04_f.nif,Alb Ruins 4,
a_ruins05_f.nif,Alb Ruins 5,
a_ruins06_f.nif,Alb Ruins 6,
a_ruins07_f.nif,Alb Ruins 7,
a_ruins08_f.nif,Alb Ruins 8,
b-bindst1.nif,B-bindst1,Bindstone
b-bindst1_burned.nif,b-bindst1_burned,Bindstone
b-bindst1_normal.nif,b-bindst1_normal,Bindstone
b-boatovr.nif,overturned boat,
b-chair.nif,Chair 1,
b-chair2.nif,Chair 2,
b-fence1.nif,b-fence1,Structure
b-fence2.nif,b-fence2,Structure
b-fence3.nif,B-FENCE3,Structure
b-forge1.nif,B-forge1,City
b-milefort.nif,B-Mile Fort,City
b-relickeep.nif,B-relickeep,City
b-rndtw2.nif,b-rndtw2,City
b-rndtw4.nif,b-rndtw4,City
b-rndtwr.nif,Briton-Round-Tower,City
b-table.nif,Table,
b-tent1.nif,Brit Tent 1,Camp
b-wagon.nif,British Wagon,
b06_bindstone.nif,b06_bindstone,Bindstone
b06_forgebase.nif,b06_forgebase,City
b06_townhall.nif,b06_townhall,City
bag.nif,BAG,
barbarianbridge.nif,Bridge Wood,Structure
barbarianhall.nif,barbarianhall BIG,City
barbarianlonghouse.nif,Barbarian Hall SMALL,City
barn.nif,Barn,City
barnruin.nif,barnruin,City
barr-ent.nif,Barrow Entrance,Portal
barracks_minotaur_01.nif,barracks_minotaur_01,City
bavteleporter.nif,BAvTeleporter,Portal
bavteleporter_novfx.nif,BAvTeleporter_NOvfx,Portal
bbare1.nif,tree - Bbare1,Tree
bbare2.nif,bbare2,Tree
bbarrel.nif,Barrel,
bbarrelstack.nif,Barrel Stack,
bcaersidi.nif,caersidi,City
bcaersidibridge.nif,CaerSidiBridge,Structure
bchurch1.nif,bchurch1,City
bcliffrock1.nif,Bcliffrock1,Stone
bcliffrock3.nif,Cliff Rock 3 B,
bdraglair.nif,Dragon Lair,City
beech.nif,Beech 1,Tree
beech_gnarl.nif,beech gnarled,
beech_gnarl_dead.nif,Beech_gnarl_dead,Tree
bfarmhouse.nif,Bfarmhouse,City
bfarmhouse_normal.nif,bfarmhouse_normal,City
bfrontkeep1.nif,bfrontkeep1,City
bfrontkeep2.nif,bfrontkeep2.nif,City
bgbridge01alb_f.nif,BGbridge01alb_F,Structure
bgbridge02hib_f.nif,BGbridge02hib_F,Structure
bgbridge03mid_f.nif,BGbridge03mid_F,Structure
bhouse2.nif,House,City
bhouse2_burned.nif,bhouse2_burned,City
bhouse2_normal.nif,bhouse2_normal,City
bhouse2_reconstructed.nif,bhouse2_reconstructed,City
bighibtree.nif,Tree - Big Hib Tree,Tree
bigpalm.nif,Tree - BigPalm,Tree
bigtree.nif,Tree - Oceanus 3 BigTree,Tree
blackgum.nif,tree - blackgum,Tree
bmtntre1.nif,Mountain top Tree,Tree
boatwreck.nif,Normal sized Boatwreck,
bogbridge.nif,Bog Bridge,Structure
bogtower.nif,Bog Tower 1,City
bogtower2.nif,bogtower2,City
bogtower3.nif,bogtower3,City
bogtower4.nif,bogtower4,City
bogtower5.nif,bogtower5,City
bonearch.nif,bonearch,Structure
bonepathcurve.nif,Misc - Bone Path Curve,
bonepathstraight_a.nif,Misc - Bone Path Straight A,Structure
bonepathstraight_b.nif,Misc - Bone Path Straight B Large,Structure
bonesegment.nif,Misc - Bone Segment,
bonfire.nif,Bon Fire,
borderkeep1.nif,B-borderkeep,City
borderkeep1_frontier.nif,Alb Boarderkeep,City
bouldent.nif,Bould ENT,Portal
boulder.nif,boulder,Stone
boulder1.nif,boulder1.nif,
boulder2.nif,Arch Way,Structure
boulder3.nif,boulder3.nif,
boulder4.nif,boulder4.nif,
boulder5.nif,boulder5,
boulder6.nif,boulder6.nif,
boulder7.nif,boulder7.nif,
boulder8.nif,boulder8.nif,
boulder9.nif,boulder9.nif,
boulder_f.nif,Boulder,
boulder_s.nif,boulder_s,
boundry_effect01.nif,boundry_effect01,
boutcrop.nif,Big Rock,Stone
bpalisade.nif,bpalisade,Structure
bpine1cl3.nif,tree cluster - Bpine1,Tree
bpinea.nif,Tree-bpineA,Tree
bpineacl3.nif,tree cluster - BpineA,Tree
bpinetree.nif,bpinetree,Tree
bpintre1.nif,bpintre1.nif,Tree
brazier_01.nif,Brazier,
brazier_serpent_01_l.nif,Misc - Brazier - Serpent Left,
brazier_serpent_01_r.nif,Misc - Brazier - Serpent Right,
brazier_volcanus_01.nif,brazier_volcanus_01,
brghouse.nif,Bridgehouse,Structure
bridge.nif,Placeholder - Bridge,Structure
bridge01_f.nif,Albion Bridge,Structure
bridge01_f_189.nif,bridge01_F_189,Structure
bridge01_notower_double_f.nif,bridge01_notower_double_f,Structure
bridge01_notower_f.nif,bridge01_notower_f,Structure
bridge02_f.nif,Hibernian Bridge,Structure
bridge02_f_189.nif,Hib Frontier Bridge,Structure
bridge02_notower_double_f.nif,bridge02_notower_double_f,Structure
bridge02_notower_f.nif,bridge02_notower_f,Structure
bridge03_f.nif,Midgard Brdige,Structure
bridge03_f_189.nif,Bridge03_f_189,Structure
bridge03_notower_double_f.nif,bridge03_notower_double_f,Structure
bridge03_notower_f.nif,bridge03_notower_f,Structure
britbarn.nif,Brit Barn,City
brit_shop.nif,Shop,City
brit_shop_burned.nif,brit_shop_burned,City
brit_shop_normal.nif,brit_shop_normal,City
brkncolmns.nif,brkncolmns,Structure
broken_pot1.nif,broken_pot1,
broken_pot2.nif,broken_pot2,
broken_pot3.nif,broken_pot3,
broken_pot4.nif,broken_pot4,
broken_pot5.nif,broken_pot5,
broken_pot6.nif,broken_pot6,
broken_pot7.nif,broken_pot7,
broken_pot8.nif,broken_pot8,
brtstmp2.nif,BRTSTMP2,Tree
brushclump.nif,BRushesClump,
brushes.nif,BRushes,
bsmallpermbldg.nif,Fortress small building,City
bspanmoss.nif,B-Mossy,Tree
bstall1.nif,Briton Tent 1,City
bstall2.nif,Briton Tent 2,City
btaltre1.nif,Tall Skinny,
btavern.nif,Btavern,City
btavern_burned.nif,btavern_burned,City
btavern_normal.nif,btavern_normal,City
bucket.nif,Bucket,
burnttree.nif,Tree - Burnttree,Tree
bvrgrn1.nif,Bvrgrn1,Tree
bwearyhouse.nif,Wearyall House,City
bwearyhut.nif,Wearyall Hut,Camp
bwearyhuttall.nif,Wearyall Hut Tall,City
bwearyrock1.nif,BwearyRock1,Stone
bwearyrock2.nif,BwearyRock2,Stone
bwearyrock3.nif,BwearyRock3,Stone
bwearyrock4.nif,BwearyRock4,Stone
bwearyrocks.nif,Wearyall Rocks,Stone
bwearyruin.nif,Wearyall Ruin,City
bwearyshop.nif,Wearyall Shop,City
bwearytree.nif,Wearyall Tree,Tree
bwillow.nif,Was old willow,Tree
b_bush1.nif,Bush 1,
b_entryportal.nif,B_entryportal,Portal
b_henge.nif,Stonehenge,Stone
b_htoak1.nif,b_htoak1,Tree
b_htoakb.nif,B_HTOAKB,Tree
b_largepermbldg.nif,Large Building,City
caercaddug.nif,Caer Caddug,City
caerdiogel.nif,caerdiogel,City
caergoth.nif,Caer Gothwaite,City
caergothwaite.nif,Caer Gothwaite,City
caergoth_collidee.nif,Caer Goth Collider,City
cam-col1.nif,Camelot Colum,Structure
cambridg.nif,Magical Bridge,Structure
campfire.nif,Fire,Camp
camwall.nif,CamWall,City
carcass-rack.nif,Carcass Rack,Camp
cart1.nif,Misc - Cart 1,
castle1.nif,Snowdonia Fort,City
catac-ent.nif,CatacombEntrance,Portal
cauldren.nif,Cauldron,
cedar.nif,Tree - Oceanus 1,Tree
chestnut.nif,Tree Chestnut,Tree
chimera_lair.nif,chimera_lair,City
circle.nif,CIRCLE,
cmine_entrance_01.nif,Catacombs Ent,Portal
cookfire_cauldron.nif,cookfire_cauldron,
coralarea2.nif,Rocks - Coral Area 2,
coralarea3.nif,Rocks - Coral Area 3,
coralarea4.nif,Rocks - Coral Area 4,
coralareamain.nif,Rocks - Coral Area Main,
coral_01.nif,Placeholder Ruins - Rubble Pile,
coral_02.nif,Rocks - Coral Blue,
coral_03.nif,Rocks - Coral Yellow,
coral_04.nif,Rocks - Coral White 2,
cothpiece1.nif,cothpiece1,
cothpiece10.nif,cothpiece10,
cothpiece11.nif,cothpiece11,
cothpiece12.nif,cothpiece12,
cothpiece13.nif,cothpiece13,
cothpiece14.nif,cothpiece14,
cothpiece15.nif,cothpiece15,
cothpiece2.nif,cothpiece2,
cothpiece3.nif,cothpiece3,
cothpiece4.nif,cothpiece4,
cothpiece5.nif,cothpiece5,
cothpiece6.nif,cothpiece6,
cothpiece7.nif,cothpiece7,
cothpiece8.nif,cothpiece8,
cothpiece9.nif,cothpiece9,
cotssign.nif,Cotswold Sign,
crate.nif,CRATE,
cratestk.nif,cratestk,
creepywebpine.nif,creepywebPine,Tree
crocnesta.nif,Misc - Crocodile Nest,
crookedpalm.nif,Tree - Crooked Palm,Tree
cyclops_lair.nif,cyclops_lair,
dellcryst01.nif,dellcryst01,
dellcryst02.nif,dellcryst02,
dellcryst03.nif,dellcryst03,
dellcryst04.nif,dellcryst04,
dellcryst05.nif,dellcryst05,
dellcryst06.nif,dellcryst06,
delling01.nif,delling01,
delling02.nif,delling02,
delling03.nif,delling03,
delling04.nif,delling04,
delling05.nif,delling05,
delling06.nif,delling06,
delling07.nif,delling07,
delling08.nif,delling08,
delling09.nif,delling09,
demonportal.nif,demonportal,Portal
dock.nif,DOCK,Structure
domemonument.nif,domemonument,City
draco1.nif,draco1,
draco3.nif,draco3,
driedwell.nif,Well,
druid-ent.nif,Mine Entrance,Portal
dr_a-rebel_watchtower.nif,DR_A-rebel_watchtower,City
dr_alb_forge.nif,DR_Alb_forge,City
dr_alb_house1.nif,DR_Alb_house1,City
dr_alb_house2.nif,DR_Alb_house2,City
dr_alb_keep.nif,DR_Alb_Keep,City
dr_alb_tavern.nif,DR_Alb_tavern,City
dr_a_magetower.nif,DR_A_magetower,City
dr_a_oldfountian01.nif,DR_A_oldfountian01,
dr_a_rebel_smithy.nif,DR_A_rebel_smithy,
dr_a_townwall_arch.nif,DR_A_townwall_arch,Structure
dr_a_townwall_lg.nif,DR_A_townwall_lg,Structure
dr_h-rebel_watchtower.nif,DR_H-rebel_watchtower,City
dr_hib_elfshop.nif,DR_Hib_elfshop,City
dr_hib_forge.nif,DR_hib_forge,City
dr_hib_house1.nif,DR_hib_house1,City
dr_hib_house2.nif,dr_hib_house2,City
dr_hib_keep.nif,DR_hib_keep,City
dr_hib_tavern.nif,DR_hib_tavern,City
dr_h_magetower.nif,DR_H_magetower,City
dr_h_rebel_house01.nif,DR_H_rebel_house01,City
dr_h_rebel_smithy.nif,DR_H_rebel_smithy,
dr_h_rebel_tavernbarracks.nif,DR_H_rebel_TavernBarracks,City
dr_h_townwall_arch.nif,DR_H_townwall_arch,Structure
dr_h_townwall_lg.nif,DR_H_townwall_lg,Structure
dr_h_townwall_sm.nif,DR_h_townwall_sm,Structure
dr_m-rebel_watchtower.nif,DR_M-rebel_watchtower,City
dr_mid_forge.nif,DR_mid_forge,City
dr_mid_house1.nif,DR_Mid_house1,City
dr_mid_house2.nif,DR_Mid_house2,City
dr_mid_tavern.nif,DR_mid_tavern,City
dr_m_magetower.nif,DR_M_magetower,City
dr_m_rebel_smithy.nif,DR_M_rebel_smithy,City
dr_m_rebel_tavernbarracks.nif,DR_M_rebel_TavernBarracks,City
dr_m_townwall_arch.nif,DR_M_townwall_Arch,Structure
dr_m_townwall_lg.nif,DR_M_townwall_Lg,Structure
dr_m_townwall_sm.nif,DR_M_townwall_Sm,Structure
dtent01.nif,dtent01,Camp
dtent02.nif,dtent02,Camp
dtent03.nif,dtent03,Camp
dtrash01.nif,dtrash01,
dtrash02.nif,dtrash02,
dummy_tree.nif,dummytree,Tree
dungtrunk.nif,Dungeon Entrance,Portal
dwftemple.nif,Dwftemple,City
elfstable2.nif,elfstable2,City
elftavern2.nif,Elf Tavern,City
elftavern2_nuked.nif,elftavern2_nuked,City
elm1.nif,Tree - Elm1,Tree
elm1cl5.nif,cluster - Elm 1 Cluster 5,Tree
elm2.nif,Tree - Elm2,Tree
elm2cl5.nif,cluster - Elm 2 Cluster 5,Tree
entrance.nif,Corrupt Hall Ent,Portal
fallencreepytree.nif,Fallen Creepy Tree,Tree
fence_log.nif,Fence_log,Structure
fence_log_broken.nif,Fence_log_Broken,Structure
fence_log_corner.nif,Fence_log_Corner,Structure
fern.nif,tree - fern,Tree
firbolgtower.nif,Building - Tower,City
firbtwr1.nif,firbtwr1,City
firerng1.nif,Kiln Fire Ring,
fire_labyrinth_orange_01.nif,fire_labyrinth_orange_01,
fire_labyrinth_orange_02.nif,fire_labyrinth_orange_02,
fisherhse1.nif,Fisher House1,City
fissure_volcanus_01.nif,fissure_volcanus_01,City
fissure_volcanus_02.nif,fissure_volcanus_02,
floorpiece1.nif,Misc - Floor Piece 1,
fomorentrance1.nif,Building - Fomor Entrance 1,Portal
fomorentrance2.nif,Building - Fomor Entrance 2,Portal
fomorentrance3.nif,Building - Fomor Entrance 3,Portal
fomorentrance4.nif,Building - Fomor Entrance 4,Portal
fomorhouse01.nif,Fomorhouse01,City
fomorshack01.nif,fomorshack01,Camp
fomorshack02.nif,fomorshack02,Camp
fomortavern.nif,FomorTavern,City
fomortower.nif,Fomortower,City
frblghold.nif,frblghold,City
gatestns.nif,Gate Stones,Stone
ghostrealm_mist01.nif,ghostRealm_mist01,
giant.nif,GIANT,
gob-bann.nif,GOB-BANN,Camp
gob-ent.nif,dungeon entrance,Portal
gob-hut1.nif,Goblin Hut,Camp
gob-hut1a.nif,Goblin Hut 1,Camp
gob-hut2.nif,gob-hut2,Camp
gob-hut3.nif,Goblin Hut 3,Camp
goblinfort1.nif,Goblin Fort,City
gothdock.nif,dock,Structure
gothdock2.nif,Dock smaller,Structure
gwydcliff1.nif,GWYDCLIFF1,
gwydcliff10.nif,GWYDCLIFF10,
gwydcliff11.nif,GWYDCLIFF11,
gwydcliff12.nif,GWYDCLIFF12,
gwydcliff13.nif,GWYDCLIFF13,
gwydcliff2.nif,GWYDCLIFF2,
gwydcliff3.nif,GWYDCLIFF3,
gwydcliff4.nif,GWYDCLIFF4,
gwydcliff5.nif,GWYDCLIFF5,
gwydcliff6.nif,GWYDCLIFF6,
gwydcliff7.nif,GWYDCLIFF7,
gwydcliff8.nif,GWYDCLIFF8,
gwydcliff9.nif,GWYDCLIFF9,
gyard1.nif,Briton Graveyard,
gyard2.nif,Graveyard,
h-bridge1.nif,Elf Bridge,Structure
h-fordstones.nif,stepping stones,Structure
h-gatefort.nif,HGatefort,City
h-relickeep.nif,H-relickeep,City
h-shroomring.nif,H-shroomring,
h06_hbindstone.nif,h06_hbindstone,Bindstone
h06_smallstable.nif,h06_smallstable,City
h06_smalltavern.nif,h06_smalltavern,City
h06_smithy.nif,h06_smithy,City
hallofheroes.nif,hallofheroes,City
hanthill.nif,Hanthill,
harpy_spire_01.nif,Placeholder - Brazier,
harpy_spire_02.nif,Structure - Harpy Spire 2,
harpy_spire_03.nif,Structure - Harpy Spire 3,
harpy_spire_03_01.nif,Structure - Harpy Spire 3-1,
hashpile.nif,Ash Pile,
haystack.nif,Haystack,
hbareskny.nif,Bare Tree,Tree
hbarrels.nif,Hbarrels,
hbindstone.nif,Hbindstone,Bindstone
hbindstone_nuked.nif,hbindstone_nuked,Bindstone
hbirchsingle.nif,Birch Tree (single),Tree
hbirchsinglecl5.nif,HBirchsingleCL5,Tree
hborderkeep1.nif,Hborderkeep,City
hborderkeep1_frontier.nif,Hib Boarder Keep,City
hcart.nif,Hcart,
hceltbarn.nif,Barn,City
hceltcottage.nif,hceltcottage,City
hcelthut.nif,Celtic Hut,Camp
hcelticbridge.nif,Misc - Bridge,Structure
hceltkeep.nif,Celt Keep,City
hceltmerarmr.nif,Hceltmerarmr,City
hceltmerchweapon.nif,Celt Weapon Stand,City
hceltmerwepn.nif,Hib Celtic Weapon Shop,City
hceltringfort.nif,Celt Ring Fort,City
hcelttreetower.nif,HCelttreetower,Camp
hceltwell.nif,HceltWell,
hcliffrock1.nif,Cliff Rock 1,Stone
hcliffrock2.nif,Cliff Rock 2,Stone
hcliffrock3.nif,Cliff Rock 3,Stone
hcrates.nif,Hcrates,
hcrate_barrel.nif,Hcrate_barrel,
hdcrystal1.nif,HDcrystal1,
hdcrystal2.nif,HDcrystal2,
hdcrystal_blue.nif,HDcrystal_blue,
hdcrystal_green.nif,HDcrystal_green,
hdeadtree.nif,tree - Dead Tree,Tree
hdkelfguardt.nif,Open Top tower,City
hdm_cailou.nif,HDM_CaiLou,
hdm_conlimhow.nif,HDM_ConLimHow,
hdm_conninn.nif,HDM_ConnInn,
hdm_howarda.nif,HDM_howarda.nif,
hdm_innalain.nif,HDM_InnAlain,
hdm_limhow.nif,HDM_LimHow,
hdm_magtinarde.nif,HDM_MagTiNArde,
hdm_mohtir.nif,HDM_MohTir,
hdm_silmag.nif,HDM_SilMag,
hdm_tibarda.nif,HDM_TiBArda,
hdm_tibmag.nif,HDM_TiBMag,
hdomnangrove.nif,DomnanGrove,City
hdomnantreebig.nif,HDomnanTreeBig,City
hdomnantreesm.nif,HDomnanTreeSm,Tree
hdomtrashedtrees.nif,HDomTrashedTrees.NIF,City
hdraglair.nif,Dragon Lair,City
hd_crystal_small_blue.nif,HD_crystal_small_blue,
hd_crystal_small_green.nif,HD_crystal_small_green,
hd_crystal_small_yellow.nif,HD_crystal_small_yellow,
headstatuef1.nif,Statue - female,
headstatuef2.nif,statue - leaning,
headstatuem1.nif,headstatuem1,
headstatuem2.nif,statue - broken,
helfgtower.nif,HelfGtower,City
helfshack.nif,helfshack,City
helfshack_nuked.nif,helfshack_nuked,City
helm.nif,Helm.nif,Tree
helm2.nif,helm2,Tree
hfirbtree.nif,Firb Tree,City
hfrontkeep.nif,Hfrontkeep,City
hfrontkeep2.nif,hfrontkeep2,City
hfrontkeep_new_collidee.nif,OldHibKeepminus2Points,City
hgravringbig.nif,HgravringBig,
hgravringfell.nif,HgravringFell,
hgravringsm.nif,HgravringSm,
hguardthatch.nif,Hguardthatch,Camp
hibdungeonent.nif,HibDungeonEnt,Portal
hiberniatall_whitepine3cl10.nif,tree cluster - Tall_WhitePine,Tree
hiberniatall_whitepine3cl5.nif,cluster - Hib Tall White Pine 3 Cluster 5,Tree
hiberniatall_whitepine3cl5row.nif,tree cluster HiberniaTall_WhitePine3CL5Row,Tree
hiberniatall_whitepinecl10.nif,cluster - Hib Tall White Pine Cluster 10,Tree
hiberniatall_whitepinecl5.nif,cluster - Hib talll White Pine Cluster 5,Tree
hibmilegate_f.nif,Hib Mile Gate ,
hibmilegate_new_f.nif,hibmilegate_new_F,City
hibrubb18_f.nif,hibrubb18,
hibrubb19_f.nif,hibrubb19,City
hibrubbcitybttmlft01_f.nif,hibrubbcitybttmlft01,Structure
hibrubbcitybttmlft_f.nif,hibrubbcitybttmlft,Structure
hibrubbcitybttmrt01_f.nif,hibrubbcitybttmrt01,
hibrubbcitybttmrt_f.nif,hibrubbcitybttmrt,
hibrubbcitytoplft01_f.nif,hibrubbcitytoplft01,
hibrubbcitytoplft_f.nif,hibrubbcitytoplft,Structure
hibrubbcitytoprt01_f.nif,hibrubbcitytoprt01,Structure
hibrubbcitytoprt_f.nif,hibrubbcitytoprt,
hibstone2.nif,Hibstone2,Stone
hibteleport.nif,teleporter,Portal
hibteleport_novfx.nif,hibteleport_noVFX,Portal
hib_relictemple_f.nif,Hib Relic Temple,City
hill.nif,Barrow Hill,
hitch.nif,HITCH,Structure
hlog.nif,Hlog,Tree
hlog1.nif,Log - Hlog1,
hlogbent.nif,Log Bent,Tree
hlogbent_02.nif,hlogbent_02,Portal
hlowtree.nif,hlowtree,Tree
hlowtreecl5.nif,tree cluster - Hlowtree,Tree
hlurikhut.nif,Lurikeen  Hut,Camp
hlurikhutsm.nif,hlurikhutsm,Camp
hlurikhut_normal.nif,hlurikhut_normal,Camp
hlurikhut_nuked.nif,hlurikhut_nuked,Camp
hmarkalain.nif,Alain,
hmarkardagh.nif,Ardagh,
hmarkardee.nif,Ardee,
hmarkcaille.nif,Caille,
hmarkconn.nif,Connla,
hmarkhowth.nif,Howth,
hmarkinnis.nif,Innis,
hmarkmag.nif,Mag Mell,
hmarktir.nif,Tir Na mBeo,
hminerock.nif,Mine Rock,Stone
hmonbarrack.nif,Barracks,Camp
hmonlurik.nif,Monster Hut,Camp
hmonwallfort.nif,Monster Fort,City
hmossrock.nif,Mossy Rock,Stone
hmudpile.nif,Mud Pile,
hoaktree.nif,Hib Oak Tree,Tree
hoaktreecl5.nif,HoaktreeCL5,Tree
hol-stmp.nif,Hollow Stump,Tree
holdgrove.nif,holdgrove,Tree
hollytree.nif,Holly Tree,Tree
hollytreecl5.nif,tree cluster - Holly Tree,Tree
houseintact01.nif,Houseintact01,City
houseintact02.nif,Houseintact02,City
houseintact03.nif,houseintact03,City
houseintact04.nif,houseintact04,City
houseruin01.nif,houseruin01.nif,City
houseruin02.nif,houseruin02.nif,City
houseruin03.nif,houseruin03.nif,City
houtwall.nif,Outer Wall,City
hovel.nif,Hovel,City
hpileorox.nif,HpileOrox,
hpileorox_blue.nif,HpileOrox_blue,
hpileorox_green.nif,HpileOrox_green,
hplant01.nif,Hplant01,
hrock1.nif,HRock1,Stone
hrock2.nif,rock - rock 2,Stone
hrock3.nif,rock - hrock3,Stone
hrock4.nif,rock - hrock 4,Stone
hrock5.nif,HRock5,Stone
hrockpile.nif,Hrockpile,Stone
hroundtower.nif,Round Tower,City
hruintower.nif,Monster Ruined Tower,City
hruinwall.nif,Hruinwall,Structure
hshop.nif,Hib Shop,City
hshop_nuked.nif,hshop_nuked,City
hshroombrella.nif,Hib mushroom umbrella,
hstone1.nif,Hstone1,Stone
hstone2.nif,Hstone2,Stone
hstone3.nif,Hstone3,Stone
hstonebridge.nif,Bridge(Stone),Structure
hstumpy.nif,tree - Stump,Tree
hstumpyleaf.nif,tree - StumpyLeaf,Tree
hsylvanlog.nif,Tree - Log,Tree
humbsign.nif,Sign - Humberton,
hut1.nif,Hut,Camp
hut_setian_01.nif,Setian - Hut,City
hut_setian_02.nif,Setian - Hut 02,City
hweepwill.nif,Weeping WIllow,Tree
h_allmosspile.nif,H_allmosspile,Stone
h_bigrock.nif,H_bigrock,Stone
h_elfdale.nif,ElfDale,
h_elfhall.nif,H_elfhall,City
h_elfshop_noshroom.nif,h_elfshop_noshroom,City
h_elftower1.nif,elf tower 1,City
h_elftower2.nif,h_elftower2,City
h_entryportal.nif,HEntryPortal,Portal
h_housesign_1.nif,H_housesign_1,
h_housesign_10.nif,H_housesign_10,
h_housesign_2.nif,H_housesign_2,
h_housesign_3.nif,H_housesign_3,
h_housesign_4.nif,H_housesign_4,
h_housesign_5.nif,H_housesign_5,
h_housesign_6.nif,H_housesign_6,
h_housesign_7.nif,H_housesign_7,
h_housesign_8.nif,H_housesign_8,
h_housesign_9.nif,H_housesign_9,
h_killdoor_02.nif,Dead tree KT Ent,Portal
h_phmarketplace.nif,H_PHMarketplace,City
h_phousegatein.nif,H_PhouseGatein,City
h_ropebrdge_f.nif,Hib Rope Bridge,Structure
iarnwood.nif,Iarnwood,Tree
isspiece1.nif,Iss1,
isspiece2.nif,Iss2,
japanesemaple_rt_winter.nif,tree - JapaneseMaple_RT_Winter,Tree
jgrock.nif,Jagged Rock,Stone
jordgate.nif,Gates of Jordheim,City
keep.nif,Wizard's Place,City
kelpani.nif,kelpani,Algae
kelpgroup_red.nif,kelpgroup-Red,Algae
kelpnon.nif,kelpnon,Algae
kiln.nif,Kiln,
knarrlithouse.nif,knarrlithouse.nif,City
knarrpiece1.nif,knarrpiece1.nif,
knarrpiece10.nif,knarrpiece10.nif,
knarrpiece2.nif,knarrpiece2.nif,
knarrpiece3.nif,knarrpiece3.nif,
knarrpiece4.nif,knarrpiece4.nif,
knarrpiece5.nif,knarrpiece5.nif,
knarrpiece6.nif,knarrpiece6.nif,
knarrpiece7.nif,knarrpiece7.nif,
knarrpiece8.nif,knarrpiece8.nif,
knarrpiece9.nif,knarrpiece9.nif,
largenettingsystem.nif,Misc - Netting - Large,
lavatest.nif,lavatest,
lavatreeshort.nif,Lava Tree Short,
lavatreetall.nif,Lava Tree Tall,
lemontree.nif,Lemon Tree,Tree
lftwall.nif,Left Wall,Structure
lillypads.nif,LillyPads,
lnghse2.nif,Lnghse2,City
lnghse2_frozen.nif,lnghse2_frozen,
lnghse2_normal.nif,lnghse2_normal,
log1-s.nif,Log snow,
log1.nif,fallen log,Tree
log2-s.nif,Log Snow BIg,
log2.nif,tree - log2.nif,Tree
logfire.nif,Log Fire,
lrock1.nif,Rock 1,Stone
lrock3.nif,Rock 3,Stone
lrock4.nif,Rock 4,Stone
ludsign.nif,Sign - Ludlow,
lurikhutshroom.nif,Lurikeen Hut2,Camp
m06_bindstone.nif,m06_bindstone,Bindstone
m06_hallbase.nif,m06_hallbase,City
m06_shopsmall.nif,m06_shopsmall,City
m06_stable.nif,M06_stable,City
m06_tikitorch.nif,M06_tikitorch,
magmell01.nif,magmell01,
magprtl1.nif,Portal,Portal
maple.nif,maple,Tree
marketintact01.nif,Alb Armor Shop,City
marketintact02.nif,Alb Weapon Market,City
marketruin01.nif,marketruin01,City
marketruin02.nif,marketruin02,City
marshbridge.nif,MarshBridge,Structure
mboulder1.nif,Big Boulder,Stone
mboulder3.nif,Mboulder3.nif,
mboulder4.nif,Mboulder4.nif,
mboulder5.nif,boulder5,
mboulder6.nif,Mboulder6,
mediumnettingsystem.nif,Misc - Netting - Medium,
medium_portal.nif,Placeholder - Circular Structure,Portal
menhir.nif,menhir,Stone
menhir2.nif,menhir2,
message_brd.nif,message board,
meteor_lg.nif,Big Meteor ,City
meteor_sm.nif,Small Meteor,
meteor_xtra_01.nif,Meteor Extra 1,
meteor_xtra_02.nif,Meteor Extra 2,
meteor_xtra_03.nif,Meteor Extra 3,
meteor_xtra_04.nif,Meteor Extra 4,
midgardtall_whitepine3cl10.nif,tree cluster - MidgardTall_WhitePine3CL10,Tree
midgardtall_whitepinecl10.nif,tree cluster - MidgardTall_WhitePineCL10,Tree
midmilegate_f.nif,Mid Mile Gate,
midmilegate_new_f.nif,midmilegate_new_F,City
mid_relictemple_f.nif,Mid Relic Temple,City
mightyoak-small.nif,Mighty Oak Smaller,Tree
mightyoak.nif,Mighty Oak,Tree
mine-ent.nif,Mine Entrance,Portal
mist_tendril.nif,mist_tendril,
morvalt_hut.nif,Morvalt Hut,Camp
morvalt_pyre.nif,Morvalt Pyre,
morvalt_temple.nif,Morvalt Temple,City
moths.nif,moths,
mrshtown.nif,Marsh Town,
mstation.nif,Mining Station,City
muspelfront.nif,MuspelFront,Portal
m_housesign_1.nif,M_housesign_1,
m_housesign_10.nif,M_housesign_10,
m_housesign_2.nif,M_housesign_2,
m_housesign_3.nif,M_housesign_3,
m_housesign_4.nif,M_housesign_4,
m_housesign_5.nif,M_housesign_5,
m_housesign_6.nif,M_housesign_6,
m_housesign_7.nif,M_housesign_7,
m_housesign_8.nif,M_housesign_8,
m_housesign_9.nif,M_housesign_9,
m_killdoor_01.nif,Mid Kill Task Door,Portal
m_phmarketplace.nif,M_PHMarketplace,City
m_phousegatein.nif,M_PhouseGatein,City
m_ropebrdge_f.nif,Mid Rope Bridge,Structure
m_ruins01_f.nif,M_ruins01_F,City
m_ruins02_f.nif,M_ruins02_F,City
m_ruins03_f.nif,M_ruins03_F,City
m_ruins04_f.nif,M_ruins04_F,City
m_ruins05_f.nif,M_ruins05_F,City
m_ruins06_f.nif,M_ruins06_F,City
m_ruins07_f.nif,M_ruins07_F,City
m_ruins07_f_p00.nif,M_ruins07_F_p00,City
m_ruins07_f_p01.nif,M_ruins07_F_p01,City
m_ruins08_f.nif,M_ruins08_F,City
n-beachedship1.nif,Norse Beached Ship,
n-bed1.nif,Norse Bed,
n-bench1.nif,Norse Bench,
n-borderkeep1.nif,Border Keep,City
n-borderkeep_frontier.nif,Mid Borderkeep,City
n-bridge1.nif,City Bridge,Structure
n-bridge2.nif,N-Bridge2,Structure
n-bridge3.nif,N-bridge3,Structure
n-bridge4.nif,Big Bridge,Structure
n-cabin1-s.nif,Cabin 1 snow,City
n-cabin1.nif,N-cabin1.nif,City
n-cabin2-s.nif,Cabin 2 snow,City
n-cabin2.nif,N-cabin2.nif,City
n-charskel1.nif,CharredSkeleton Rocks,Stone
n-fdarch.nif,FireDwarfArch,Structure
n-fdfurnace.nif,FireDwarfFurnace,City
n-fdmine.nif,FireDwarfMine,City
n-fence1.nif,Fence Piece,Structure
n-gatefort-s.nif,Gate Fort,City
n-gianbridge1.nif,N-gianbridge1,Structure
n-gianbridge2.nif,N-GiantBridge2,Structure
n-giantwall1.nif,N-Giantwall1,Structure
n-keep1.nif,Keep,City
n-keepbridge.nif,N-keepbridge,Structure
n-leanto1-s.nif,Lean to snow,Camp
n-leanto1.nif,Lean to,Camp
n-roundhall1-s.nif,Round Hall (snow),City
n-roundhall1.nif,n-roundhall1,City
n-stockade-s.nif,Stockade (snow),
n-stockade.nif,n-stockade,Structure
n-table1.nif,Norse Table,
n-tent1.nif,Tent 1,Camp
n-tent2.nif,Tent 2,Camp
n-tent3.nif,Tent 3 teepee,Camp
n-tower2-s.nif,Guard Tower (snow),City
n-tower2.nif,Guard Tower (no snow),City
n-trfort1.nif,Troll Fort,City
naegirhamn01.nif,NAegirhamn01,
naegirhamn02.nif,NAegirhamn02,
naegirhamn03.nif,NAegirhamn03,
naegteleport.nif,NAegTeleport,Portal
naegteleport_novfx.nif,NAegTeleport_NoVFX,Portal
nbirchtree.nif,nbirchtree,Tree
nbirchtreecl5.nif,tree cluster - Birch Tree,Tree
nblacksmith.nif,blacksmith,City
nblacksmith_frozen.nif,nblacksmith_frozen,City
nblacksmith_normal.nif,Nblacksmith_normal,City
ncarcass.nif,Carcass,
ncrates.nif,Ncrates,
ncrate_barrel.nif,Ncrate_barrel,
ndraglair.nif,Dragon lair,City
ndwfarmorhut.nif,Dwarf Armory,City
ndwfforge.nif,DForge,City
ndwfportal.nif,NDwfPortal,Portal
ndwftemple.nif,DTemple,City
ndwfweaponshut.nif,Dwarf Weapons Hut,Camp
ndwrfville.nif,NDwrfville,City
nest_dragon_a.nif,nest_dragon_a,City
nest_dragon_h.nif,nest_dragon_h,City
nest_dragon_m.nif,nest_dragon_m,City
nfishrack.nif,Fish Rack,
nfrontkeep1.nif,Nfrontkeep1,City
nfrontkeep2-s.nif,nfrontkeep2-S,City
nfrontkeep2.nif,Nfrontkeep2,City
nf_b-fence1.nif,NF_b-fence1,Structure
nf_b-fence2.nif,NF_b-fence2,Structure
nf_b-fence3.nif,NF_b-fence3,Structure
nf_bonfire.nif,NF_bonfire,
nf_boulder.nif,NF_boulder,
nf_cart1.nif,NF_cart1,
nf_hlogbent.nif,NF_Hlogbent,
nf_hroundtower.nif,NF_Hroundtower,City
nf_hruintower.nif,NF_Hruintower,City
nf_rtower.nif,NF_rtower,
ngravesite.nif,Norse Graves,
nhumanpile.nif,Human Pile,
nhumanskel.nif,Human Skel,
nicecaveentrance.nif,NIceCaveEntrance,Portal
nicechunk1.nif,NIceChunk1,
nicechunk2.nif,NIcechunk2,
nile_pot1.nif,nile_pot1,
nile_pot2.nif,nile_pot2,
nile_pot3.nif,nile_pot3,
nile_pot4.nif,nile_pot4,
nile_pot5.nif,nile_pot5,
nile_pot6.nif,nile_pot6,
nile_pot7.nif,nile_pot7,
nile_pot8.nif,nile_pot8,
nile_pot9.nif,nile_pot9,
nile_rock1.nif,nile_rock1,Stone
nile_rock2.nif,nile_rock2,Stone
nile_rock3.nif,nile_rock3,Stone
nile_rock4.nif,nile_rock4,Stone
nile_rock5.nif,nile_rock5,Stone
nile_rock6.nif,nile_rock6,Stone
nlizardnest.nif,Nlizardnest,
nmarkask.nif,Askheim,
nmarkaud.nif,Audliten,
nmarkdval.nif,Dvalin,
nmarkftvel.nif,Ft. Velden,
nmarkgal.nif,Galplen,
nmarkhag.nif,Haggerfell,
nmarkhug.nif,Huginfell,
nmarkmul.nif,Mularn,
nmarkvas.nif,Vas,
nmerchantcart.nif,Norse Merchant Cart,City
nmerchantsleigh.nif,MerchantSleigh,City
nmerchantstall.nif,NMerchantStall,City
nmonsterhut-s.nif,NMonsterHut-s.nif,Camp
nmonsterhut-s_f.nif,Monster Hut snow,Camp
nmonsterhut.nif,Monster Hut,Camp
nmultipurposebridge.nif,NMultipurposebridge,Structure
nneanderhut.nif,NNeanderHut2,Camp
nonruinedtemple.nif,Placeholder - Ruined Underwater Structure,City
npinea-s.nif,NPineA-s,Tree
npinea.nif,NPineA.nif,Tree
npineacl5.nif,NPineACL5,Tree
npinedk.nif,npinedk,Tree
npinedk.nif ,NPinedk.nif (not used),Tree
npinedk.nnif,NPinedk.nif (not used),Tree
npinetree-s.nif,Npinetree-s,Tree
npinetree-scl5.nif,tree cluster - Npinetree-sCL5,Tree
npinetree.nif,Pine Tree 1,Tree
npinetreecl5.nif,NpinetreeCL5,Tree
npintre-s.nif,Pine Tree snow BIG,Tree
npintre1-scl5.nif,tree cluster - Npintre1-sCL5,Tree
npintre1.nif,npintre1.nif,Tree
npintre1cl5.nif,npintre1CL5,Tree
npintree.nif,Pine #2,Tree
nrdmkaskgal.nif,AskheimGalplen,
nrdmkaudvas.nif,AudlitenVas,
nrdmkgalnal.nif,GalplenNalliten,
nrdmkgotaskgal.nif,GotAskGalplen,
nrdmkhagftv.nif,HagerFtVelden,
nrdmkhagmul.nif,HaggerfelMul,Tree
nrdmkvasmul.nif,VasMularn,
nrelickeep-s.nif,NrelicKeep-s,City
nrock1-s.nif,Rock 1 snow,Stone
nrock1.nif,Rock 1,Stone
nrock2-s.nif,Rock 2 snow,Stone
nrock2.nif,Nrock2,Stone
nrock3-s.nif,Rock 3 snow,Stone
nrock3.nif,Rock 3,Stone
nrockbig-s.nif,Big Rock (Snow),Stone
nrockbig.nif,NRockBig.nif,Stone
nrocks-s.nif,Rocks snow,Stone
nrs-hut1.nif,nrs-hut1,City
nrs-hut1_frozen.nif,nrs-hut1_frozen,City
nrs-hut1_normal.nif,nrs-hut1_normal,City
nrs-ruin.nif,Ruin,City
nrshse1.nif,nrshse1,City
nrshse1_frozen.nif,nrshse1_frozen,
nrshse1_normal.nif,nrshse1_normal,
nrstwr1.nif,Tower,City
nrstwr2.nif,nrstwr2,City
nrswall1.nif,Ruined Wall,Structure
nruinguard-s.nif,NruinGuard-s,City
nruinguard.nif,NruinGuard,
nruinhalln.nif,NruinHallN,City
nruinportal-s.nif,Ruined Portal Snow,Portal
nruinwall-s.nif,Ruined Wall Snow,Structure
nspidershrine.nif,Spider Shrine,
ntablebench.nif,Ntablebench,
ntavern.nif,NTavern,City
ntavern_frozen.nif,ntavern_frozen,City
ntavern_normal.nif,NTavern_normal,City
ntfforge.nif,NTFForge,City
ntfhutlarge.nif,NTFHutLarge,City
ntfhutsmall.nif,Norse Hut Small,Camp
ntfmerchant.nif,NTFmerchant,City
ntfwallrepeat.nif,NTFWallRepeat,Structure
ntrltwrnoundrgr.nif,NTRLTwrNoUndrGr,City
nvrgrn1-s.nif,Tree NPinTre-s.nif,Tree
nvrgrn1-scl5.nif,tree cluster - Nvrgrn1-sCL5,Tree
nwerebridge.nif,WereBridge,Structure
nwerefort.nif,Were Fort,City
nwerehut.nif,Were Hut,City
nwereplatform.nif,Were Platform,
n_bindst1.nif,Midgard Bind Stone,Bindstone
n_bindst1_frozen.nif,N_bindst1_frozen,Bindstone
n_bindst1_normal.nif,N_bindst1_normal,Bindstone
n_entryportal.nif,NEntryportal,Portal
n_rock3.nif,N_Rock3,Stone
n_roundhut_armory1.nif,n_roundhut_armory1,Camp
n_roundhut_armory2.nif,n_roundhut_armory2,Camp
n_shipwreck.nif,n_shipwreck,
n_squarehut_barrack.nif,n_squarehut_barrack,Camp
n_squarehut_hall.nif,n_squarehut_hall,Camp
n_stump-s.nif,tree - N_stump-s.nif,Tree
n_stump.nif,tree - N_stump.nif,Tree
n_trlrockpile.nif,N_TRLrockpile,Stone
n_trlstake.nif,Troll Stake,
n_trltuskarch.nif,N_TRLtuskarch,Structure
oak1.nif,oak 1,Tree
obelisk.nif,Obelisk,
ocapier.nif,OCAPier1,
ocatentbig.nif,OCATentBig,Camp
ocatentdig.nif,OCATentDig,Camp
ocatentround.nif,OCATentRound,Camp
ocatentsmall.nif,Placeholder - Setian Tent,Camp
ocbridge.nif,OCBridge,Structure
occetusentry.nif,OCCetusEntry,Portal
ocdisplayped.nif,OCDisplayPed,
oceanusdungcaveent.nif,OceanusDungCaveEnt.nif,Portal
oceanusdungent.nif,oceandungent,Portal
ochpier.nif,OCHPier1,City
ochtentbig.nif,OCHTentBig,Camp
ochtentdig.nif,OCHTentDig,Camp
ochtentround.nif,OCHTentRound,Camp
ochtentsmall.nif,OCHTentSmall,Camp
ocmbrokecolumn.nif,OCMBrokeColumn,Structure
ocmburiedcolumn.nif,OCMBuriedColumn,Structure
ocmpier.nif,OCMPier,
ocmtentbig.nif,OCMTentBig,Camp
ocmtentdig.nif,OCMTentDig,Camp
ocmtentround.nif,OCMTentRound,Camp
ocmtentsmall.nif,OCMTentSmall,Camp
ocpierruin.nif,OCPierRuin.NIF,Structure
ocruincogship.nif,OCruinCogship,
ocruinlongship.nif,OCruinLongship,
ocruintempledome.nif,Structure - Ruined Temple,City
ocruintemplesunk.nif,Structure - Ruined Temple Sunk,City
oc_alt_entry.nif,OC_Alt_Entry,Portal
oc_safehaven_centerpiece.nif,OC_SafeHaven_CenterPiece,City
oc_safehaven_extwall.nif,OC_SafeHaven_ExtWall,
oc_safehaven_largehut.nif,OC_SafeHaven_LargeHut,City
oc_safehaven_smallhut.nif,OC_SafeHaven_SmallHut,City
oc_shaven_walkside_a.nif,OC_SHaven_WalkSide_A,Structure
oc_shaven_walkside_b.nif,OC_SHaven_WalkSide_B,Structure
oc_shaven_walkway_a.nif,OC_SHaven_WalkWay_A,
ogrebldg2.nif,ogrebldg2.nif,City
ogrebldg3.nif,ogrebldg3.nif,City
ogrebldgstudy.nif,ogrebldgstudy.nif,City
ogrestrnghldquad1.nif,ogrestrnghldquad1,
ogrestrnghldquad2.nif,ogrestrnghldquad2,
ogrestrnghldquad3.nif,ogrestrnghldquad3,
ogrestrnghldquad4.nif,ogrestrnghldquad4,
ogretower1.nif,ogretower1,City
ogretower2.nif,ogretower2,City
olivetree.nif,Tree - Oceanus 2 Olive,Tree
outcrop1.nif,Replacement Mossy Rocks,Stone
outcrop2.nif,Rocky Outcrop,Stone
overland_entrance_small.nif,Overland_entrance_small,Portal
pedestal_volcanus_01.nif,pedestal_volcanus_01,City
pheonix1.nif,pheonix1,
pheonix3.nif,pheonix3,
pinetree.nif,Pine,Tree
pintre1.nif,pintre1,Tree
pintre1cl3.nif,tree cluster - pintre1,Tree
pole1.nif,Pole,Structure
portalplat.nif,portal platform,Portal
portal_volcanus_01.nif,portal_volcanus_01,Portal
pvp_proto_arena01.nif,PvP_proto_arena01,
pvp_proto_arena02.nif,PvP_proto_arena02,
pyramid_great_01.nif,Structure - Great Pyramid,City
raft1.nif,raft,
randomrock1.nif,randomrock1,Stone
rdmarkblkmt1.nif,Road Marker 1,
rdmarkblkmt2.nif,Road Marker 2,
rdmarkblkmt3.nif,Road Marker 3,
rdmarkblkmt4.nif,Road Marker 4,
rdmarkcot1.nif,Road Marker 1,
rdmarkcot2.nif,Road Marker 2,
rdmarkcot3.nif,Road Marker 3,
redwood_alive.nif,redwood_alive.nif,
redwood_dead.nif,redwood_dead,Tree
reedclump1.nif,Tree - Reeds,Tree
refugeetent.nif,Tent Avalon,Camp
relic_pedastal_overland.nif,Relic_pedastal_overland,
relic_temple_alb_pads_f.nif,relic_temple_alb_pads_F,City
relic_temple_hib_pads_f.nif,relic_temple_hib_pads_F,City
relic_temple_mid_pads_f.nif,relic_temple_mid_pads_F,City
rndfort.nif,Round Fort,City
rnstn1-s.nif,Rune Stone,Stone
rnstn1.nif,Rune Stone,Stone
rockbarrier01_f.nif,Rock Barrier,Stone
rockbridge.nif,Fordstones,Structure
rockfence.nif,Rocks - Rock Fence,Structure
rockfence_volcanus_01.nif,rockfence_volcanus_01,Structure
rockform1.nif,Rocks - Formation 1,Stone
rockform2.nif,Rocks - Formation 2,Stone
rockform3.nif,Rocks - Formation 3,Stone
rockform4.nif,Rocks - Formation 4,Stone
rockrandom1.nif,rockrandom1,Stone
rockrandom2.nif,rockrandom2,Stone
rockrandom3.nif,rockrandom3,Stone
rockrandom4.nif,rockrandom4,Stone
rock_formation1.nif,rock_formation1.NIF,Stone
rock_formation2.nif,rock_formation2.NIF,Stone
rock_formation3.nif,rock_formation3.NIF,Stone
rock_formation4.nif,rock_formation4.NIF,Stone
rock_formation5.nif,rock_formation5.NIF,Stone
rock_formation6.nif,rock_formation6.NIF,Stone
rock_formation_01.nif,rock_formation_01,Stone
rock_formation_02.nif,rock_formation_02,Stone
rock_formation_03.nif,rock_formation_03,Stone
rock_formation_04.nif,rock_formation_04,Stone
rock_formation_05.nif,rock_formation_05,Stone
rock_formation_06.nif,rock_formation_06,Stone
rock_formation_07.nif,rock_formation_07,Stone
rock_formation_08.nif,rock_formation_08,Stone
rock_formation_09.nif,rock_formation_09,Stone
rock_formation_10.nif,rock_formation_10,Stone
rock_formation_11.nif,rock_formation_11,Stone
rock_formation_12.nif,rock_formation_12,Stone
rock_formation_13.nif,rock_formation_13,Stone
rock_formation_14.nif,rock_formation_14,Stone
rock_formation_15.nif,rock_formation_15,Stone
rock_formation_16.nif,rock_formation_16,Stone
rock_formation_17.nif,rock_formation_17,Stone
rock_formation_18.nif,rock_formation_18,Stone
rock_formation_19.nif,rock_formation_19,Stone
rock_formation_20.nif,rock_formation_20,Stone
rock_formation_21.nif,rock_formation_21,Stone
rock_formation_22.nif,rock_formation_22,Stone
rock_formation_23.nif,rock_formation_23,Stone
rock_formation_24.nif,rock_formation_24,Stone
rock_formation_25.nif,rock_formation_25,Stone
rock_formation_26.nif,rock_formation_26,Stone
rock_formation_27.nif,rock_formation_27,Stone
rock_formation_28.nif,rock_formation_28,Stone
rom-temp.nif,rom-temp,City
romanruins1.nif,romanruins1.nif,City
romanruins2.nif,romanruins2.nif,City
romanruins3.nif,Roman Ruins 3,
rombridg.nif,Roman Bridge,Structure
rope_bridge_albion.nif,rope_bridge_albion.nif,Structure
rope_bridge_hib.nif,rope_bridge_hib,Structure
roundmonument.nif,roundmonument,
rtower.nif,Ruined Tower 2,City
rtwall.nif,Right Wall,Structure
rubbleleft.nif,Roman Rubble Left,
rubbleright.nif,Roman Rubble Right,
ruin-hut.nif,RUIN-HUT,Camp
ruin-monast.nif,ruin-monast,City
ruin-twr.nif,Ruined Tower,City
ruin01.nif,ruin01.nif,City
ruin02.nif,ruin02.nif,City
ruinedcath.nif,Ruined Cathedral,
ruinedfort.nif,Roman Fort,City
ruins1.nif,Ruins 1 (wall),
ruins_land_01.nif,Placeholder - Ruins,Structure
ruins_land_02.nif,Ruins - Land 2,Structure
ruins_land_03.nif,Ruins - Land 3,Structure
ruins_land_04.nif,Ruins - Land 4,Structure
ruins_land_05.nif,Ruins - Land 5,Structure
ruins_land_06.nif,Placeholder - Ring,Structure
ruins_land_07.nif,Ruins - Land 7,City
ruins_land_08.nif,ruins_land_08,City
ruins_land_08_01.nif,ruins_land_08_01,
ruins_oceanus_01.nif,ruins_oceanus_01,
ruins_oceanus_02.nif,ruins_oceanus_02.,
ruins_oceanus_04.nif,ruins_oceanus_04,
ruins_oceanus_05.nif,ruins_oceanus_05,
ruins_oceanus_06.nif,ruins_oceanus_06,
ruins_ocean_01.nif,Ruins - Ocean 1,Structure
ruins_ocean_02.nif,Ruins - Ocean 2,Structure
ruins_ocean_03.nif,Ruins - Ocean 3,Structure
ruins_ocean_04.nif,Ruins - Ocean 4,Structure
ruins_ocean_05.nif,Ruins - Ocean 5,Structure
ruins_ocean_06.nif,Placeholder - Crocodile Nest,Structure
ruins_ocean_07.nif,Ruins - Ocean 7,City
ruins_ocean_08.nif,Ruins - Ocean 8,City
ruins_stygia_01.nif,ruins_stygia_01,
ruins_stygia_02.nif,ruins_stygia_02,
ruins_stygia_03.nif,ruins_stygia_03,
ruins_stygia_04.nif,ruins_stygia_04,
ruins_stygia_05.nif,ruins_stygia_05,
ruins_stygia_06.nif,ruins_stygia_06,
ruins_stygia_07.nif,ruins_stygia_07,
ruins_stygia_08.nif,ruins_stygia_08,
ruintwr1.nif,Ruined Mage Tower,City
ruin_piece1.nif,Roman Piece 1,
ruin_piece2.nif,Roman Piece 2,
ruin_piece3.nif,Roman Piece 3,
ruin_piece4.nif,Roman Piece 4,
ruin_piece5.nif,Roman Piece 5,
ruin_piece6.nif,ruin_piece6.nif ,
runebench.nif,Rune Bench,
runerock.nif,runerock,Stone
sals-bar.nif,Barrow1,
sarcoph.nif,Sarcophagus,
ship.nif,Burial Ship,
shop.nif,Shop,City
shopintact01.nif,shopintact01,City
shopruin01.nif,shopruin01,City
shopruin02.nif,shopruin02.nif,City
skeletonlitter.nif,skeletonlitter,
skeleton_charred.nif,skeleton_charred,
skeleton_frozen.nif,skeleton_frozen,
skeleton_normal.nif,skeleton_normal,
skeleton_plagued.nif,skeleton_plagued,
skinnypalm.nif,Tree - SkinnyPalm,Tree
skull.nif,skull,
skullspear.nif,Skull Spear,
smallnettingsystem.nif,Misc - Netting - Small,
smallpalm.nif,Tree - Small Palm,Tree
smallrockformation.nif,Rocks - Rock Fence Small - Big,Stone
smithing_anvil.nif,smithing_anvil.nif,
smkarea30.nif,Misc - Smoke,
smoke.nif,smoke,
smoke_thick.nif,smoke_thick,
smolder.nif,smolder,
snowstatsign.nif,Sign - Snowdonia Station,
sphynx_pedistal.nif,sphynx_pedistal,
spikes.nif,Misc - Spikes,Structure
splystn.nif,Supply Station,City
spruce.nif,Tree Spruce,Tree
stable.nif,stable,City
stmaubarricade.nif,Mau - Barricade,
stmaufire.nif,Mau - Fire,
stmautentbig.nif,Placeholder - Setian Tent 1,Camp
stmautentround.nif,Placeholder - Setian Tent Round,Camp
stmautotem.nif,Mau - Totem,
stmautower.nif,Mau - Tower,City
stone1.nif,Standing Stone 1,Stone
stone10.nif,stone 10,Stone
stone11.nif,Stone Round,Stone
stone12.nif,stone12,Stone
stone2.nif,stone2,Stone
stone3.nif,stone3,Stone
stone4.nif,Stone 4,Stone
stone7.nif,Stone Pyramid,Stone
stone8.nif,stone8,Stone
stone9.nif,Stone Tall Pyramid,Stone
stonepine.nif,Tree Stonepine,Tree
stsetiantentbig.nif,STSetianTentBig,Camp
stsetiantentround.nif,STSetianTentRound,Camp
sttombrock.nif,Rocks - Tomb Rock,Portal
stump1large.nif,Stump1Large,Tree
stump1small.nif,Tree - Stump,Tree
stump2large.nif,Small burned stump,Tree
stump2small.nif,Stump,Tree
stumphouse.nif,StumpHouse,City
stygia_dungeonent.nif,Necropolis Entrance,Portal
stygia_mediumportal.nif,Misc - Stygia Portal,Portal
stygia_rockformation1.nif,Rocks - Stygia Formation 01,Stone
stygia_rockformation10.nif,Rocks - Stygia Formation 10,Stone
stygia_rockformation12.nif,Rocks - Stygia Formation 12,Stone
stygia_rockformation13.nif,Rocks - Stygia Formation 13,Stone
stygia_rockformation14.nif,Rocks - Stygia Formation 14,Stone
stygia_rockformation15.nif,Rocks - Stygia Formation 15,Stone
stygia_rockformation2.nif,Rocks - Stygia Formation 02,Stone
stygia_rockformation3.nif,Rocks - Stygia Formation 03,Stone
stygia_rockformation4.nif,Rocks - Stygia Formation 04,Stone
stygia_rockformation5.nif,Rocks - Stygia Formation 05,Stone
stygia_rockformation6.nif,Rocks - Stygia Formation 06,Stone
stygia_rockformation7.nif,Rocks - Stygia Formation 07,Stone
stygia_rockformation9.nif,Rocks - Stygia Formation 09,Stone
stygia_smallportal.nif,Misc - Stygial Portal Small,Portal
stygia_sobekstatue.nif,Misc - Sobek Statue,
stygia_sobekstatueflipped.nif,Misc - Sobek Statue Flipped,
sulphurvent.nif,sulphurvent,
sylvanbridge.nif,sylvanbridge,Structure
talloak1.nif,TALLOAK1,Tree
tall_whitepine.nif,Tall White Pine,Tree
tall_whitepine2.nif,tree - Tall_WhitePine3,Tree
tall_whitepine2_snow.nif,tall_whitepine2_snow,Tree
tall_whitepine3.nif,Tall White Pine 3,Tree
tavern.nif,Tavern,City
tavernintact.nif,tavernintact,City
tavernruin.nif,tavernruin,City
templeruin.nif,Ruined Temple,City
temple_aerus_01.nif,temple_aerus_01,City
temple_aerus_02.nif,temple_aerus_02,City
temple_setian_01.nif,Setian - Temple,City
tenif.nif,tent 1,Camp
tent1.nif,tent 1,Camp
test.nif,Test,
testguildhouse.nif,Guild House Placeholder,City
testwall.nif,Wall,Structure
theiment.nif,Trollheim Entrance,Portal
tomb-ent.nif,tomb-ent,Portal
tower3.nif,Tower / House,City
tower5.nif,Tower 5,City
towerruin01.nif,towerruin01.nif,City
towerruin02.nif,towerruin02.nif,City
tower_minotaur_01.nif,tower_minotaur_01,City
towrtop.nif,towrtop,City
treasurepilea.nif,treasurePileA,
treasurepileb.nif,treasurePileB,
treasurepilec.nif,treasurePileC,
treehugefallen.nif,TreeHugeFallen,Tree
tritonvillgroup.nif,Structure - Triton Village,City
trlstake.nif,Troll Stake,
tursuil.nif,tursuil,City
tutorial_2cornertower_alb.nif,tutorial_2cornertower_alb.nif,Structure
tutorial_2cornertower_hib.nif,tutorial_2cornertower_hib,Structure
tutorial_2gate_alb.nif,tutorial_2gate_alb.nif,Structure
tutorial_2gate_hib.nif,tutorial_2gate_hib,Structure
tutorial_2wall_alb.nif,tutorial_2wall_alb.nif,Structure
tutorial_2wall_damaged_alb.nif,tutorial_2wall_damaged_alb.nif,Structure
tutorial_2wall_hib.nif,tutorial_2wall_hib,Structure
tutorial_keep_alb.nif,tutorial_keep_alb.nif,City
tutorial_keep_hib.nif,tutorial_keep_hib.nif,City
underwater_cave.nif,underwater_cave,
urchinabodever1.nif,urchinabodever1,
urchinabodever2.nif,urchinabodever2,
urchin_01.nif,urchin_01,
valcampfire.nif,valcampfire,Camp
valhut.nif,valhut,Camp
vallogbench.nif,valbench,
valpeltdry.nif,valpeltdry,
valpeltdry2.nif,valpeltdry2.nif,
valtents.nif,valtents,Camp
vcbridgebig.nif,VCBridgeBig,Structure
vcbridgebigd.nif,VCBridgeBigD,Structure
vcbridgemed.nif,VCBridgeMed,Structure
vcbridgesmall.nif,VCBridgeSmall,Structure
vcplatform.nif,VCPlatform,
vcsiamaltar.nif,VCSiamAltar,City
vcsiamflame.nif ,VCSiamFlame,
vcsiamhutbig.nif,VCSiamHutBig,Camp
vcsiamhutsmall.nif,VCSiamHutSmall,Camp
vcsiamtower.nif,VCSiamTower,City
veildoor01.nif,Veildoor01,Portal
villaruins.nif,Villa Ruins,City
volc_dung_ent.nif,volc_dung_ent,Portal
volc_log1.nif,volc_log1,
volc_log2.nif,volc_log2,
volc_log3.nif,volc_log3,
volc_log4.nif,volc_log4,
volc_log5.nif,volc_log5,
volc_minflame.nif ,Volc_MinFlame,
volc_minforge.nif,Volc_MinForge,City
volc_minfountain.nif,Volc_MinFountain,
volc_minotaurfort.nif,Volc_MinotaurFort,City
volc_rock1.nif,volc_rock1 big light,Stone
volc_rock101.nif,volc_rock101,Stone
volc_rock102.nif,volc_rock102,Stone
volc_rock103.nif,volc_rock103,Stone
volc_rock104.nif,volc_rock104 big,Stone
volc_rock105.nif,volc_rock105 very small light,Stone
volc_rock106.nif,volc_rock106,Stone
volc_rock107.nif,volc_rock107,Stone
volc_rock108.nif,volc_rock108,Stone
volc_rock109.nif,volc_rock109,Stone
volc_rock110.nif,volc_rock110 med light,Stone
volc_rock111.nif,volc_rock111 small light,Stone
volc_rock112.nif,volc_rock112,Stone
volc_rock113.nif,volc_rock113,Stone
volc_rock114.nif,volc_rock114,Stone
volc_rock115.nif,volc_rock115,Stone
volc_rock116.nif,volc_rock116 light bowl,Stone
volc_rock117.nif,volc_rock117,Stone
volc_rock118.nif,volc_rock118 small light,Stone
volc_rock119.nif,volc_rock119 big,Stone
volc_rock120.nif,volc_rock120 big,Stone
volc_rock121.nif,volc_rock121 light,Stone
volc_rock122.nif,volc_rock122 small light arching,Stone
volc_rock123.nif,volc_rock123 big,Stone
vrgrn1.nif,vrgrn1,Tree
vrgrn1cl5.nif,tree cluster - vrgrn1CL5,Tree
vshovel.nif,VSHovel,City
vsleanto.nif,VSLeanto,City
vstower.nif,VSTower,City
vswall.nif,VSWall,Structure
wall_setian_01.nif,Setian - Wall Small,Structure
wall_setian_01a.nif,Setian - Wall 1a,Structure
wall_setian_01b.nif,Setian - Wall 1b,Structure
warehouseruin.nif,warehouseruin.nif,City
well.nif,well,
whaleskel.nif,Misc - Whale Skeleton,
willowcl3.nif,tree cluster - willow 3,Tree
willowcl5.nif,tree cluster - willow 5,Tree
wizardhall.nif,Wizard's Place,City
woodelf01.nif,woodelf01.nif,City
woodelf02.nif,woodelf02.nif,
woodelf03.nif,woodelf03.nif,City
wood_post1.nif,wood_post1,
wood_post2.nif,wood_post2,
wood_post3.nif,wood_post3,
wood_post4.nif,wood_post4,
wood_post5.nif,wood_post5,
x06_boulder.nif,x06_boulder,
x06_boulder2.nif,x06_boulder2,
x06_campfire.nif,x06_campfire,Camp
yellowtubes.nif,yellowtubes,Stone
yew.nif,Tree yew,Tree
